country,year,iso_code,population,gdp,co2,co2_per_capita,consumption_co2,consumption_co2_per_capita,land_use_change_co2,land_use_change_co2_per_capita
Brunei,1990,BRN,261936,,5.456,20.828,3.979,15.19,1.155,4.411
Brunei,1991,BRN,269869,,7.211,26.719,4.861,18.013,1.097,4.065
Brunei,1992,BRN,277427,,6.885,24.816,5.157,18.589,1.309,4.717
Brunei,1993,BRN,284723,,6.357,22.327,5.379,18.892,1.344,4.719
Brunei,1994,BRN,291950,,5.553,19.02,5.269,18.048,1.254,4.294
Brunei,1995,BRN,299108,,5.825,19.476,5.27,17.619,1.028,3.435
Brunei,1996,BRN,306210,,5.879,19.198,5.979,19.525,1.248,4.077
Brunei,1997,BRN,313224,,6.087,19.434,4.433,14.152,1.412,4.508
Brunei,1998,BRN,320156,,5.595,17.477,5.436,16.979,1.978,6.179
Brunei,1999,BRN,327058,,5.978,18.278,4.413,13.492,0.995,3.041
Brunei,2000,BRN,333937,,5.329,15.957,3.52,10.54,1.026,3.073
Brunei,2001,BRN,340759,,5.19,15.23,3.461,10.156,0.994,2.917
Brunei,2002,BRN,347470,,4.67,13.44,3.438,9.894,0.972,2.798
Brunei,2003,BRN,354049,,5.598,15.811,5.405,15.267,1.063,3.002
Brunei,2004,BRN,360472,,5.641,15.648,5.346,14.829,0.79,2.193
Brunei,2005,BRN,366728,,5.429,14.803,5.088,13.875,0.705,1.922
Brunei,2006,BRN,372814,,7.144,19.162,6.102,16.367,1.003,2.69
Brunei,2007,BRN,378761,,8.077,21.324,7.047,18.606,1.173,3.096
Brunei,2008,BRN,384579,,9.166,23.833,7.704,20.032,1.611,4.189
Brunei,2009,BRN,390322,,7.745,19.842,6.458,16.545,1.881,4.82
Brunei,2010,BRN,396064,,8.017,20.243,6.558,16.559,1.491,3.765
Brunei,2011,BRN,401515,,9.555,23.798,8.751,21.795,1.75,4.358
Brunei,2012,BRN,406637,,9.5,23.362,9.054,22.267,1.921,4.724
Brunei,2013,BRN,411704,,7.626,18.523,8.567,20.809,1.11,2.697
Brunei,2014,BRN,416670,,8.831,21.194,8.692,20.86,2.331,5.595
Brunei,2015,BRN,421449,,6.933,16.451,7.552,17.919,1.528,3.626
Brunei,2016,BRN,426001,,7.633,17.918,7.054,16.558,1.297,3.046
Brunei,2017,BRN,430290,,9.309,21.635,8.4,19.522,1.943,4.516
Brunei,2018,BRN,434283,,9.344,21.517,9.38,21.599,1.385,3.189
Brunei,2019,BRN,438058,,10.733,24.501,10.024,22.883,1.427,3.258
Brunei,2020,BRN,441736,,11.102,25.132,10.401,23.545,1.399,3.166
Brunei,2021,BRN,445382,,11.302,25.376,9.683,21.74,1.279,2.871
Cambodia,1990,KHM,8910806,13119770624,1.26,0.141,1.854,0.208,68.433,7.68
Cambodia,1991,KHM,9259362,13798587392,1.304,0.141,1.928,0.208,50.882,5.495
Cambodia,1992,KHM,9718217,14439549952,1.348,0.139,2.023,0.208,43.58,4.484
Cambodia,1993,KHM,10243554,14667326464,1.385,0.135,1.983,0.194,40.133,3.918
Cambodia,1994,KHM,10636353,15501963264,1.482,0.139,2.121,0.199,40.089,3.769
Cambodia,1995,KHM,10919528,16125089792,1.555,0.142,2.064,0.189,35.202,3.224
Cambodia,1996,KHM,11182613,16613604352,1.631,0.146,2.343,0.21,30.948,2.768
Cambodia,1997,KHM,11431578,17142178816,1.552,0.136,2.284,0.2,34.954,3.058
Cambodia,1998,KHM,11669087,17586612224,1.963,0.168,2.846,0.244,33.74,2.891
Cambodia,1999,KHM,11899010,19228280832,1.894,0.159,2.726,0.229,46.683,3.923
Cambodia,2000,KHM,12118844,20435398656,1.975,0.163,4.868,0.402,53.903,4.448
Cambodia,2001,KHM,12338198,21587210240,2.25,0.182,5.613,0.455,52.021,4.216
Cambodia,2002,KHM,12561783,22474401792,2.206,0.176,7.109,0.566,49.747,3.96
Cambodia,2003,KHM,12787714,23833223168,2.378,0.186,6.404,0.501,53.558,4.188
Cambodia,2004,KHM,13016377,25705926656,2.444,0.188,7.902,0.607,55.38,4.255
Cambodia,2005,KHM,13246588,28474468352,2.774,0.209,9.656,0.729,36.548,2.759
Cambodia,2006,KHM,13477781,30776293376,2.997,0.222,10.64,0.789,28.005,2.078
Cambodia,2007,KHM,13714798,33022341120,3.471,0.253,11.168,0.814,26.297,1.917
Cambodia,2008,KHM,13943897,34271377408,3.867,0.277,13.226,0.949,27.086,1.943
Cambodia,2009,KHM,14155742,34042365952,4.557,0.322,11.639,0.822,42.367,2.993
Cambodia,2010,KHM,14363534,34365988864,5.078,0.354,15.768,1.098,29.017,2.02
Cambodia,2011,KHM,14573894,35746713600,5.275,0.362,22.188,1.522,24.367,1.672
Cambodia,2012,KHM,14786650,38360866816,5.576,0.377,21.684,1.466,21.688,1.467
Cambodia,2013,KHM,14999691,41183076352,5.637,0.376,24.997,1.667,18.222,1.215
Cambodia,2014,KHM,15210817,44124786688,6.834,0.449,23.407,1.539,43.696,2.873
Cambodia,2015,KHM,15417527,47229403136,8.366,0.543,28.494,1.848,27.056,1.755
Cambodia,2016,KHM,15624586,50470756352,10.922,0.699,27.562,1.764,20.934,1.34
Cambodia,2017,KHM,15830694,54002196480,12.476,0.788,29.048,1.835,33.973,2.146
Cambodia,2018,KHM,16025242,58035617792,13.934,0.869,33.532,2.092,30.432,1.899
Cambodia,2019,KHM,16207746,62129455104,18.22,1.124,39.532,2.439,30.195,1.863
Cambodia,2020,KHM,16396864,60205932544,19.034,1.161,41.185,2.512,29.48,1.798
Cambodia,2021,KHM,16589031,62027759616,20.13,1.213,41.933,2.528,29.484,1.777
Indonesia,1990,IDN,182159888,7.18549E+11,155.081,0.851,146.695,0.805,497.227,2.73
Indonesia,1991,IDN,185361232,7.8644E+11,174.865,0.943,160.335,0.865,409.643,2.21
Indonesia,1992,IDN,188558416,8.4178E+11,199.419,1.058,184.611,0.979,652.677,3.461
Indonesia,1993,IDN,191737280,9.12703E+11,215.109,1.122,194.161,1.013,448.802,2.341
Indonesia,1994,IDN,194928544,9.862E+11,219.372,1.125,199.659,1.024,791.66,4.061
Indonesia,1995,IDN,198140160,1072204283904.000,222.41,1.122,204.512,1.032,684.51,3.455
Indonesia,1996,IDN,201373792,1161281404928.000,253.065,1.257,229.196,1.138,730.093,3.626
Indonesia,1997,IDN,204628016,1221454594048.000,279.941,1.368,246.904,1.207,2474.84,12.094
Indonesia,1998,IDN,207855488,1066065657856.000,244.523,1.176,153.754,0.74,1146.639,5.517
Indonesia,1999,IDN,210996912,1079382507520.000,292.001,1.384,247.324,1.172,1159.971,5.498
Indonesia,2000,IDN,214072416,1138300157952.000,281.33,1.314,239.951,1.121,836.486,3.907
Indonesia,2001,IDN,217112432,1185220919296.000,317.027,1.46,266.262,1.226,827.764,3.813
Indonesia,2002,IDN,220115088,1244249980928.000,308.486,1.401,275.482,1.252,1076.239,4.889
Indonesia,2003,IDN,223080128,1309811277824.000,339.357,1.521,317.035,1.421,735.995,3.299
Indonesia,2004,IDN,225938592,1387446403072.000,343.022,1.518,322.462,1.427,835.711,3.699
Indonesia,2005,IDN,228805152,1474875359232.000,347.617,1.519,328.196,1.434,779.16,3.405
Indonesia,2006,IDN,231797424,1565012918272.000,346.633,1.495,329.626,1.422,1265.132,5.458
Indonesia,2007,IDN,234858288,1674227351552.000,387.858,1.651,367.933,1.567,535.139,2.279
Indonesia,2008,IDN,237936544,1809491165184.000,365.718,1.537,367.99,1.547,597.031,2.509
Indonesia,2009,IDN,240981296,1905717411840.000,398.942,1.655,395.302,1.64,876.553,3.637
Indonesia,2010,IDN,244016176,2039334567936.000,445.806,1.827,445.443,1.825,498.996,2.045
Indonesia,2011,IDN,247099696,2178184511488.000,500.725,2.026,503.833,2.039,732.776,2.966
Indonesia,2012,IDN,250222688,2309530058752.000,515.954,2.062,537.816,2.149,746.869,2.985
Indonesia,2013,IDN,253275920,2437876809728.000,489.055,1.931,512.929,2.025,747.272,2.95
Indonesia,2014,IDN,256229760,2559933415424.000,487.89,1.904,509.986,1.99,937.673,3.66
Indonesia,2015,IDN,259091968,2684764028928.000,539.149,2.081,545.719,2.106,1397.082,5.392
Indonesia,2016,IDN,261850176,2819890085888.000,540.086,2.063,549.233,2.098,643.444,2.457
Indonesia,2017,IDN,264498848,2962852151296.000,556.944,2.106,563.748,2.131,611.216,2.311
Indonesia,2018,IDN,267066848,3116158943232.000,594.101,2.225,605.42,2.267,520.236,1.948
Indonesia,2019,IDN,269582880,3272567947264.000,650.906,2.414,660.633,2.451,1074.289,3.985
Indonesia,2020,IDN,271857984,3204972544000.000,605.985,2.229,622.604,2.29,836.091,3.075
Indonesia,2021,IDN,273753184,3323654569984.000,615.923,2.25,624.008,2.279,888.556,3.246
Laos,1990,LAO,4314442,6235010048,0.513,0.119,0.804,0.186,17.717,4.106
Laos,1991,LAO,4437233,6550550016,0.546,0.123,0.864,0.195,16.922,3.814
Laos,1992,LAO,4561117,6965636096,0.593,0.13,0.921,0.202,16.27,3.567
Laos,1993,LAO,4685293,7432922624,0.607,0.13,0.947,0.202,20.697,4.417
Laos,1994,LAO,4807956,8095761920,0.634,0.132,1.044,0.217,20.433,4.25
Laos,1995,LAO,4927432,8730283008,0.671,0.136,1.149,0.233,20.901,4.242
Laos,1996,LAO,5043920,9400684544,0.75,0.149,1.206,0.239,28.604,5.671
Laos,1997,LAO,5150539,10121303040,0.792,0.154,1.193,0.232,24.192,4.697
Laos,1998,LAO,5246922,10598967296,0.82,0.156,1.252,0.239,26.138,4.982
Laos,1999,LAO,5340060,11458882560,0.846,0.158,1.224,0.229,31.978,5.988
Laos,2000,LAO,5430862,12209285120,0.96,0.177,2.463,0.454,46.147,8.497
Laos,2001,LAO,5519714,13005703168,1.063,0.193,2.57,0.466,44.373,8.039
Laos,2002,LAO,5606103,13872425984,1.166,0.208,2.669,0.476,45.835,8.176
Laos,2003,LAO,5689072,14843718656,1.221,0.215,2.004,0.352,49.687,8.734
Laos,2004,LAO,5768170,16000772096,1.282,0.222,2.358,0.409,56.374,9.773
Laos,2005,LAO,5852969,17208610816,1.337,0.228,2.31,0.395,58.875,10.059
Laos,2006,LAO,5946597,17176979456,1.757,0.296,3.026,0.509,55.778,9.38
Laos,2007,LAO,6041355,20454811648,1.835,0.304,3.248,0.538,61.994,10.262
Laos,2008,LAO,6135863,22210959360,2.131,0.347,3.869,0.631,67.668,11.028
Laos,2009,LAO,6229933,24050843648,2.667,0.428,4.994,0.802,80.616,12.94
Laos,2010,LAO,6323425,26198018048,3.005,0.475,2.258,0.357,75.89,12.001
Laos,2011,LAO,6416331,28505276416,3.17,0.494,2.226,0.347,65.977,10.283
Laos,2012,LAO,6508806,30756620288,3.398,0.522,2.609,0.401,57.695,8.864
Laos,2013,LAO,6600736,33213894656,4.261,0.646,3.346,0.507,72.439,10.974
Laos,2014,LAO,6691467,35727802368,4.45,0.665,3.523,0.527,95.952,14.339
Laos,2015,LAO,6787420,38423805952,9.229,1.36,7.343,1.082,63.497,9.355
Laos,2016,LAO,6891366,41128976384,16.458,2.388,12.742,1.849,42.192,6.122
Laos,2017,LAO,6997925,43958738944,19.684,2.813,21.184,3.027,61.135,8.736
Laos,2018,LAO,7105008,46694965248,20.558,2.893,21.873,3.079,52.304,7.362
Laos,2019,LAO,7212058,49243303936,19.534,2.709,21.743,3.015,49.628,6.881
Laos,2020,LAO,7319397,50856669184,19.675,2.688,22.045,3.012,47.225,6.452
Laos,2021,LAO,7425055,52626362368,23.367,3.147,24.639,3.318,47.035,6.335
Malaysia,1990,MYS,17517060,1.43192E+11,54.269,3.098,66.057,3.771,188.213,10.745
Malaysia,1991,MYS,18017470,1.57808E+11,65.785,3.651,72.892,4.046,153.932,8.544
Malaysia,1992,MYS,18526708,1.73042E+11,72.961,3.938,81.517,4.4,177.621,9.587
Malaysia,1993,MYS,19050074,1.91755E+11,86.719,4.552,87.244,4.58,178.737,9.382
Malaysia,1994,MYS,19588706,2.11154E+11,88.036,4.494,87.397,4.462,187.193,9.556
Malaysia,1995,MYS,20136886,2.33787E+11,110.841,5.504,98.983,4.916,145.637,7.232
Malaysia,1996,MYS,20689060,2.5919E+11,110.633,5.347,100.828,4.873,126.699,6.124
Malaysia,1997,MYS,21249178,2.80384E+11,119.629,5.63,112.664,5.302,113.05,5.32
Malaysia,1998,MYS,21810542,2.61784E+11,109.782,5.033,79.317,3.637,139.178,6.381
Malaysia,1999,MYS,22368652,2.79672E+11,103.987,4.649,93.53,4.181,108.648,4.857
Malaysia,2000,MYS,22945152,3.05803E+11,122.878,5.355,112.896,4.92,91.641,3.994
Malaysia,2001,MYS,23542522,3.09934E+11,130.89,5.56,118.496,5.033,112.278,4.769
Malaysia,2002,MYS,24142448,3.297E+11,132.035,5.469,124.205,5.145,125.258,5.188
Malaysia,2003,MYS,24739420,3.50967E+11,153.384,6.2,126.719,5.122,109.091,4.41
Malaysia,2004,MYS,25333250,3.77079E+11,169.678,6.698,134.597,5.313,90.819,3.585
Malaysia,2005,MYS,25923540,3.99781E+11,169.967,6.556,137.351,5.298,85.492,3.298
Malaysia,2006,MYS,26509416,4.26609E+11,170.166,6.419,138.661,5.231,108.054,4.076
Malaysia,2007,MYS,27092604,4.58126E+11,175.451,6.476,148.128,5.467,113.571,4.192
Malaysia,2008,MYS,27664304,4.85245E+11,192.847,6.971,164.213,5.936,129.741,4.69
Malaysia,2009,MYS,28217208,4.83081E+11,192.119,6.809,157.413,5.579,160.929,5.703
Malaysia,2010,MYS,28717728,5.25057E+11,199.346,6.942,178.262,6.207,150.19,5.23
Malaysia,2011,MYS,29184140,5.5747E+11,203.452,6.971,190.442,6.526,212.719,7.289
Malaysia,2012,MYS,29660216,5.87986E+11,212.99,7.181,210.255,7.089,208.191,7.019
Malaysia,2013,MYS,30134806,6.15586E+11,241.671,8.02,239.28,7.94,159.64,5.298
Malaysia,2014,MYS,30606454,6.52564E+11,245.05,8.006,239.286,7.818,296.872,9.7
Malaysia,2015,MYS,31068834,6.85238E+11,235.506,7.58,227.866,7.334,177.735,5.721
Malaysia,2016,MYS,31526414,7.15731E+11,236.817,7.512,223.936,7.103,130.509,4.14
Malaysia,2017,MYS,31975812,7.57336E+11,244.106,7.634,227.236,7.106,209.426,6.55
Malaysia,2018,MYS,32399270,7.94014E+11,262.207,8.093,247.377,7.635,169.968,5.246
Malaysia,2019,MYS,32804024,8.29054E+11,267.494,8.154,249.561,7.608,174.387,5.316
Malaysia,2020,MYS,33199988,7.83174E+11,269.249,8.11,250.561,7.547,176.116,5.305
Malaysia,2021,MYS,33573872,8.0739E+11,278.861,8.306,259.996,7.744,174.116,5.186
Myanmar,1990,MMR,40099556,49171472384,4.236,0.106,,,43.757,1.091
Myanmar,1991,MMR,40680540,48063926272,4.137,0.102,,,46.142,1.134
Myanmar,1992,MMR,41237808,51891171328,4.842,0.117,,,56.688,1.375
Myanmar,1993,MMR,41788304,54198378496,5.303,0.127,,,51.708,1.237
Myanmar,1994,MMR,42337112,57338245120,6.174,0.146,,,56.707,1.339
Myanmar,1995,MMR,42880188,60452843520,6.893,0.161,,,59.849,1.396
Myanmar,1996,MMR,43423376,63378624512,7.188,0.166,,,56.727,1.306
Myanmar,1997,MMR,43972060,65935167488,7.42,0.169,,,53.072,1.207
Myanmar,1998,MMR,44516188,68698886144,8.046,0.181,,,73.339,1.647
Myanmar,1999,MMR,45041644,75075477504,8.934,0.198,,,99.31,2.205
Myanmar,2000,MMR,45538340,84093542400,10.219,0.224,,,97.759,2.147
Myanmar,2001,MMR,46014828,92175089664,8.856,0.192,,,82.335,1.789
Myanmar,2002,MMR,46480236,1.01591E+11,9.328,0.201,,,83.607,1.799
Myanmar,2003,MMR,46924296,1.13781E+11,9.997,0.213,,,98.007,2.089
Myanmar,2004,MMR,47338444,1.27116E+11,12.565,0.265,,,115.563,2.441
Myanmar,2005,MMR,47724472,1.42039E+11,11.555,0.242,,,150.822,3.16
Myanmar,2006,MMR,48088276,1.58029E+11,12.813,0.266,,,179.63,3.735
Myanmar,2007,MMR,48445652,1.74123E+11,12.841,0.265,,,182.424,3.766
Myanmar,2008,MMR,48729480,1.77513E+11,9.772,0.201,,,167.362,3.435
Myanmar,2009,MMR,49015836,1.83292E+11,10.207,0.208,,,142.954,2.916
Myanmar,2010,MMR,49390988,1.89724E+11,13.122,0.266,,,125.761,2.546
Myanmar,2011,MMR,49794528,1.97359E+11,15.122,0.304,,,110.373,2.217
Myanmar,2012,MMR,50218196,2.1016E+11,11.819,0.235,,,107.705,2.145
Myanmar,2013,MMR,50648336,2.2676E+11,12.722,0.251,,,103.034,2.034
Myanmar,2014,MMR,51072436,2.45355E+11,15.849,0.31,,,109.997,2.154
Myanmar,2015,MMR,51483956,2.6369E+11,21.887,0.425,,,100.315,1.948
Myanmar,2016,MMR,51892352,2.80587E+11,21.14,0.407,,,105.505,2.033
Myanmar,2017,MMR,52288344,2.96721E+11,23.63,0.452,,,99.283,1.899
Myanmar,2018,MMR,52666016,3.15726E+11,34.017,0.646,,,96.594,1.834
Myanmar,2019,MMR,53040212,3.37038E+11,33.617,0.634,,,95.746,1.805
Myanmar,2020,MMR,53423200,3.47786E+11,34.61,0.648,,,95.378,1.785
Myanmar,2021,MMR,53798088,2.854E+11,35.619,0.662,,,95.634,1.778
Philippines,1990,PHL,61558900,2.27937E+11,41.349,0.672,62.772,1.02,49.034,0.797
Philippines,1991,PHL,63039752,2.28436E+11,43.472,0.69,62.985,0.999,35.907,0.57
Philippines,1992,PHL,64543524,2.3091E+11,48.293,0.748,76.752,1.189,28.537,0.442
Philippines,1993,PHL,66083324,2.37664E+11,48.929,0.74,72.381,1.095,24.345,0.368
Philippines,1994,PHL,67650288,2.50065E+11,54.158,0.801,75.368,1.114,28.683,0.424
Philippines,1995,PHL,69250472,2.63742E+11,59.965,0.866,80.816,1.167,45.324,0.654
Philippines,1996,PHL,70944968,2.81423E+11,61.265,0.864,80.155,1.13,80.434,1.134
Philippines,1997,PHL,72718832,2.9836E+11,70.069,0.964,88.6,1.218,36.064,0.496
Philippines,1998,PHL,74491928,2.99105E+11,68.264,0.916,80.211,1.077,28.186,0.378
Philippines,1999,PHL,76249064,3.10804E+11,68.188,0.894,85.912,1.127,25.293,0.332
Philippines,2000,PHL,77958224,3.27248E+11,72.357,0.928,90.976,1.167,22.638,0.29
Philippines,2001,PHL,79626088,3.3958E+11,70.326,0.883,90.769,1.14,20.312,0.255
Philippines,2002,PHL,81285576,3.54897E+11,70.267,0.864,90.101,1.108,45.023,0.554
Philippines,2003,PHL,82942840,3.75677E+11,70.287,0.847,91.523,1.103,78.151,0.942
Philippines,2004,PHL,84607504,4.04092E+11,72.806,0.861,94.222,1.114,32.191,0.38
Philippines,2005,PHL,86261248,4.26864E+11,73.303,0.85,94.24,1.092,81.376,0.943
Philippines,2006,PHL,87901832,4.52835E+11,66.554,0.757,83.814,0.953,96.555,1.098
Philippines,2007,PHL,89561376,4.86739E+11,70.796,0.79,90.462,1.01,110.81,1.237
Philippines,2008,PHL,91252328,5.11142E+11,77.331,0.847,99.947,1.095,85.243,0.934
Philippines,2009,PHL,92946952,5.21164E+11,76.61,0.824,93.534,1.006,57.938,0.623
Philippines,2010,PHL,94636704,5.65515E+11,83.063,0.878,102.284,1.081,89.574,0.947
Philippines,2011,PHL,96337912,5.90943E+11,83.908,0.871,109.498,1.137,98.406,1.021
Philippines,2012,PHL,98032320,6.317E+11,88.629,0.904,118.445,1.208,64.419,0.657
Philippines,2013,PHL,99700112,6.74347E+11,96.036,0.963,129.11,1.295,62.836,0.63
Philippines,2014,PHL,101325208,7.17154E+11,101.484,1.002,135.8,1.34,46.724,0.461
Philippines,2015,PHL,103031360,7.62679E+11,112.449,1.091,143.818,1.396,40.385,0.392
Philippines,2016,PHL,104875272,8.17203E+11,121.792,1.161,155.617,1.484,35.577,0.339
Philippines,2017,PHL,106738496,8.73843E+11,135.15,1.266,167.607,1.57,34.487,0.323
Philippines,2018,PHL,108568832,9.29254E+11,141.518,1.303,175.437,1.616,28.951,0.267
Philippines,2019,PHL,110380800,9.86115E+11,144.16,1.306,177.298,1.606,25.493,0.231
Philippines,2020,PHL,112190984,8.92256E+11,132.851,1.184,166.855,1.487,25.565,0.228
Philippines,2021,PHL,113880336,9.43142E+11,142.754,1.254,182.87,1.606,24.731,0.217
Singapore,1990,SGP,3022218,69065572352,43.536,14.405,71.561,23.678,0.142,0.047
Singapore,1991,SGP,3120627,74103365632,44.235,14.175,74.255,23.795,0.111,0.036
Singapore,1992,SGP,3228234,80052592640,47.441,14.696,84.311,26.117,0.161,0.05
Singapore,1993,SGP,3334134,89698197504,49.662,14.895,84.874,25.456,0.169,0.051
Singapore,1994,SGP,3438616,1.00709E+11,60.086,17.474,91.688,26.664,0.372,0.108
Singapore,1995,SGP,3543878,1.09097E+11,40.546,11.441,90.02,25.402,0.264,0.074
Singapore,1996,SGP,3651905,1.20136E+11,48.013,13.147,101.78,27.87,0.23,0.063
Singapore,1997,SGP,3760649,1.32363E+11,56.737,15.087,112.054,29.796,0.218,0.058
Singapore,1998,SGP,3866296,1.31914E+11,47.412,12.263,96.395,24.932,0.218,0.056
Singapore,1999,SGP,3966485,1.39188E+11,49.2,12.404,103.407,26.07,0.164,0.041
Singapore,2000,SGP,4053602,1.52154E+11,48.394,11.939,126.99,31.328,0.143,0.035
Singapore,2001,SGP,4121341,1.52551E+11,49.2,11.938,110.273,26.757,0.2,0.048
Singapore,2002,SGP,4176799,1.57983E+11,47.093,11.275,111.172,26.617,0.192,0.046
Singapore,2003,SGP,4226417,1.60288E+11,49.435,11.697,102.9,24.347,0.159,0.038
Singapore,2004,SGP,4270407,1.75483E+11,46.859,10.973,120.355,28.184,0.121,0.028
Singapore,2005,SGP,4344645,1.90692E+11,41.586,9.572,129.453,29.796,0.119,0.027
Singapore,2006,SGP,4486581,2.11579E+11,42.308,9.43,141.24,31.481,0.098,0.022
Singapore,2007,SGP,4663262,2.3792E+11,30.781,6.601,131.221,28.139,0.116,0.025
Singapore,2008,SGP,4838404,2.52508E+11,46.705,9.653,188.765,39.014,0.133,0.027
Singapore,2009,SGP,5010707,2.56114E+11,45.25,9.031,104.692,20.894,0.144,0.029
Singapore,2010,SGP,5163585,2.97587E+11,43.048,8.337,109.922,21.288,0.151,0.029
Singapore,2011,SGP,5281351,3.19718E+11,34.017,6.441,212.9,40.312,0.206,0.039
Singapore,2012,SGP,5381003,3.33899E+11,50.706,9.423,244.773,45.488,0.181,0.034
Singapore,2013,SGP,5478063,3.49985E+11,54.909,10.023,259.302,47.335,0.117,0.021
Singapore,2014,SGP,5570505,3.63759E+11,52.109,9.355,187.829,33.718,0.297,0.053
Singapore,2015,SGP,5650020,3.74587E+11,61.925,10.96,164.008,29.028,0.121,0.021
Singapore,2016,SGP,5711936,3.88079E+11,40.289,7.054,149.74,26.215,0.091,0.016
Singapore,2017,SGP,5764489,4.05716E+11,40.015,6.942,156.492,27.148,0.129,0.022
Singapore,2018,SGP,5814543,4.20222E+11,50.036,8.605,162.676,27.977,0.129,0.022
Singapore,2019,SGP,5866408,4.25816E+11,33.778,5.758,161.285,27.493,0.166,0.028
Singapore,2020,SGP,5909874,4.09205E+11,54.813,9.275,146.445,24.78,0.182,0.031
Singapore,2021,SGP,5941063,4.45552E+11,55.831,9.397,164.655,27.715,0.193,0.033
Thailand,1990,THA,55228408,4.07628E+11,86.563,1.567,118.801,2.151,125.433,2.271
Thailand,1991,THA,56099872,4.37871E+11,95.045,1.694,120.799,2.153,81.916,1.46
Thailand,1992,THA,56939020,4.73484E+11,105.513,1.853,155.225,2.726,61.388,1.078
Thailand,1993,THA,57776080,5.09703E+11,121.855,2.109,153.902,2.664,48.606,0.841
Thailand,1994,THA,58610012,5.45365E+11,136.87,2.335,160.262,2.734,76.919,1.312
Thailand,1995,THA,59424836,5.84006E+11,153.65,2.586,171.806,2.891,39.51,0.665
Thailand,1996,THA,60211100,6.11291E+11,173.566,2.883,182.651,3.034,16.52,0.274
Thailand,1997,THA,60989104,5.8924E+11,181.203,2.971,173.609,2.847,0.879,0.014
Thailand,1998,THA,61745216,5.39315E+11,159.704,2.587,130.089,2.107,1.883,0.031
Thailand,1999,THA,62442652,5.58464E+11,167.235,2.678,148.279,2.375,-5.537,-0.089
Thailand,2000,THA,63066604,5.79218E+11,167.352,2.654,151.563,2.403,3.314,0.053
Thailand,2001,THA,63649892,5.96448E+11,172.267,2.706,157.768,2.479,-2.245,-0.035
Thailand,2002,THA,64222576,6.30177E+11,184.665,2.875,173.676,2.704,-4.792,-0.075
Thailand,2003,THA,64776960,6.72603E+11,191.088,2.95,178.543,2.756,5.625,0.087
Thailand,2004,THA,65311164,7.12166E+11,207.331,3.175,196.781,3.013,21.929,0.336
Thailand,2005,THA,65821360,7.39238E+11,214.325,3.256,209.702,3.186,39.089,0.594
Thailand,2006,THA,66319528,7.73067E+11,215.825,3.254,207.479,3.128,49.837,0.751
Thailand,2007,THA,66826752,8.11667E+11,224.083,3.353,212.012,3.173,98.237,1.47
Thailand,2008,THA,67328240,8.22021E+11,224.249,3.331,222.272,3.301,254.566,3.781
Thailand,2009,THA,67813656,8.1286E+11,228.836,3.374,222.953,3.288,164.599,2.427
Thailand,2010,THA,68270488,8.70109E+11,241.019,3.53,246.692,3.613,126.773,1.857
Thailand,2011,THA,68712848,8.73643E+11,244.878,3.564,252.768,3.679,274.531,3.995
Thailand,2012,THA,69157024,9.36921E+11,262.348,3.794,261.294,3.778,198.867,2.876
Thailand,2013,THA,69578600,9.62096E+11,263.754,3.791,266.744,3.834,121.467,1.746
Thailand,2014,THA,69960944,9.71563E+11,272.488,3.895,253.092,3.618,106.679,1.525
Thailand,2015,THA,70294408,1002011623424.000,277.099,3.942,253.965,3.613,78.968,1.123
Thailand,2016,THA,70607032,1036430737408.000,284.045,4.023,254.465,3.604,63.596,0.901
Thailand,2017,THA,70898208,1079732797440.000,283.348,3.997,258.815,3.651,59.498,0.839
Thailand,2018,THA,71127808,1125329928192.000,288.346,4.054,273.341,3.843,50.365,0.708
Thailand,2019,THA,71307768,1149130637312.000,281.87,3.953,272.057,3.815,45.527,0.638
Thailand,2020,THA,71475664,1078332620800.000,271.852,3.803,272.15,3.808,42.001,0.588
Thailand,2021,THA,71601104,1095187103744.000,267.219,3.732,277.769,3.879,39.331,0.549
Vietnam,1990,VNM,66912616,1.0994E+11,21.299,0.318,23.125,0.346,43.61,0.652
Vietnam,1991,VNM,68358824,1.15934E+11,21.376,0.313,22.966,0.336,99.257,1.452
Vietnam,1992,VNM,69788752,1.25544E+11,21.466,0.308,23.011,0.33,74.755,1.071
Vietnam,1993,VNM,71176408,1.35211E+11,22.853,0.321,24.969,0.351,66.751,0.938
Vietnam,1994,VNM,72501088,1.46641E+11,27.362,0.377,29.204,0.403,55.553,0.766
Vietnam,1995,VNM,73759112,1.60152E+11,30.089,0.408,32.01,0.434,150.648,2.042
Vietnam,1996,VNM,74946456,1.74451E+11,35.482,0.473,38.116,0.509,125.321,1.672
Vietnam,1997,VNM,76058600,1.88059E+11,45.502,0.598,45.599,0.6,127.586,1.677
Vietnam,1998,VNM,77128424,1.98278E+11,47.866,0.621,47.272,0.613,167.067,2.166
Vietnam,1999,VNM,78123712,2.07067E+11,48.548,0.621,43.789,0.561,187.888,2.405
Vietnam,2000,VNM,79001144,2.20383E+11,53.935,0.683,36.841,0.466,269.316,3.409
Vietnam,2001,VNM,79817768,2.34846E+11,60.984,0.764,41.824,0.524,154.469,1.935
Vietnam,2002,VNM,80642304,2.50683E+11,69.528,0.862,47.309,0.587,128.197,1.59
Vietnam,2003,VNM,81475816,2.68203E+11,77.262,0.948,60.254,0.74,149.95,1.84
Vietnam,2004,VNM,82311232,2.88149E+11,88.939,1.081,68.678,0.834,157.402,1.912
Vietnam,2005,VNM,83142096,3.08989E+11,95.846,1.153,73.366,0.882,110.85,1.333
Vietnam,2006,VNM,83951800,3.29425E+11,99.652,1.187,75.38,0.898,89.601,1.067
Vietnam,2007,VNM,84762272,3.51786E+11,101.43,1.197,78.031,0.921,115.18,1.359
Vietnam,2008,VNM,85597232,3.70682E+11,114.303,1.335,88.247,1.031,105.447,1.232
Vietnam,2009,VNM,86482920,3.89671E+11,124.493,1.44,95.218,1.101,181.267,2.096
Vietnam,2010,VNM,87411016,4.13666E+11,139.564,1.597,101.488,1.161,122.519,1.402
Vietnam,2011,VNM,88349104,4.38355E+11,152.56,1.727,106.946,1.21,104.893,1.187
Vietnam,2012,VNM,89301328,4.62486E+11,144.277,1.616,103.481,1.159,104.709,1.173
Vietnam,2013,VNM,90267736,4.88173E+11,151.438,1.678,107.973,1.196,111.505,1.235
Vietnam,2014,VNM,91235504,5.19523E+11,181.843,1.993,126.047,1.382,355.786,3.9
Vietnam,2015,VNM,92191400,5.55822E+11,215.462,2.337,147.676,1.602,211.867,2.298
Vietnam,2016,VNM,93126528,5.93007E+11,223.204,2.397,151.462,1.626,156.405,1.679
Vietnam,2017,VNM,94033048,6.34161E+11,229.643,2.442,148.822,1.583,254.245,2.704
Vietnam,2018,VNM,94914328,6.81501E+11,257.722,2.715,163.236,1.72,247.029,2.603
Vietnam,2019,VNM,95776712,7.31653E+11,341.789,3.569,211.24,2.206,248.054,2.59
Vietnam,2020,VNM,96648680,7.5263E+11,363.343,3.759,224.8,2.326,249.736,2.584
Vietnam,2021,VNM,97468024,7.71912E+11,352.553,3.617,227.044,2.329,252.922,2.595
SEA,1990,SEA,439985830,1.74484E+12,413.562,42.105,495.648,47.355,1034.721,34.53
SEA,1991,SEA,448644781,1.86901E+12,457.976,48.551,521.885,50.61,895.809,28.78
SEA,1992,SEA,457379223,1.99811E+12,508.761,47.803,613.528,54.74,1112.986,29.832
SEA,1993,SEA,466159174,2.15303E+12,558.779,46.458,625.84,54.447,881.292,28.212
SEA,1994,SEA,474790625,2.32107E+12,599.727,46.043,652.012,54.865,1258.863,29.879
SEA,1995,SEA,483281600,2.5083E+12,632.445,41.842,686.63,53.883,1182.873,26.419
SEA,1996,SEA,491773400,2.69717E+12,697.472,43.63,742.254,58.528,1196.824,26.715
SEA,1997,SEA,500271780,2.80306E+12,768.932,46.511,787.34,55.554,2866.267,33.129
SEA,1998,SEA,508650247,2.59335E+12,693.975,40.578,596.572,50.568,1618.366,30.228
SEA,1999,SEA,516755249,2.68034E+12,746.811,41.423,730.604,49.436,1655.393,28.201
SEA,2000,SEA,524519125,2.83984E+12,764.729,39.394,770.068,52.801,1422.373,29.853
SEA,2001,SEA,532083542,2.94535E+12,818.053,39.108,797.036,48.236,1292.501,27.746
SEA,2002,SEA,539580383,3.10563E+12,829.444,36.771,835.161,48.349,1550.278,28.925
SEA,2003,SEA,546996712,3.29001E+12,900.007,40.588,890.787,51.609,1281.286,28.629
SEA,2004,SEA,554255612,3.51324E+12,950.567,40.629,952.701,55.73,1366.28,28.602
SEA,2005,SEA,561488798,3.72816E+12,963.739,38.388,989.362,56.687,1343.036,27.5
SEA,2006,SEA,568852049,3.96451E+12,965.849,42.488,995.968,60.778,1873.693,30.355
SEA,2007,SEA,576345120,4.24807E+12,1016.623,42.214,1049.25,60.235,1244.941,29.603
SEA,2008,SEA,583810871,4.48508E+12,1046.089,48.332,1156.233,73.536,1435.888,33.768
SEA,2009,SEA,591244572,4.60999E+12,1091.426,43.933,1092.203,51.677,1709.248,38.184
SEA,2010,SEA,598689708,4.96156E+12,1181.068,44.449,1208.675,53.189,1220.362,31.842
SEA,2011,SEA,606151319,5.21992E+12,1252.662,46.558,1409.552,78.567,1625.998,35.027
SEA,2012,SEA,613674868,5.5418E+12,1305.197,49.476,1509.411,85.005,1512.245,31.944
SEA,2013,SEA,621095704,5.82922E+12,1327.109,46.202,1552.248,86.608,1397.642,28.8
SEA,2014,SEA,628319765,6.1097E+12,1376.828,48.773,1487.662,72.792,1996.007,44.26
SEA,2015,SEA,635438342,6.41444E+12,1488.005,46.77,1526.441,65.928,2098.554,31.631
SEA,2016,SEA,642531663,6.74253E+12,1502.386,45.622,1531.811,62.301,1199.55,22.073
SEA,2017,SEA,649456154,7.10832E+12,1554.305,50.075,1581.352,67.573,1365.335,30.046
SEA,2018,SEA,656122178,7.48694E+12,1671.783,52.92,1692.272,71.828,1197.393,25.078
SEA,2019,SEA,662616666,7.84275E+12,1802.101,54.122,1803.373,73.516,1744.912,26.595
SEA,2020,SEA,668864371,7.57942E+12,1782.514,57.989,1757.046,71.307,1503.173,25.012
SEA,2021,SEA,674475139,7.78689E+12,1803.559,58.954,1812.597,73.138,1553.281,24.587
